,Public four-year,Private four-year,Public two-year,For-profit,Other
"  Less than $27,900",0.181216,0.076902,0.602635,0.067004,0.072243
"  $27,900-62,999",0.225166,0.090962,0.589175,0.045909,0.048788
"  $63,000-113,499",0.231916,0.108058,0.596458,0.022003,0.041564
"  $113,500 or more",0.309253,0.215909,0.437072,0.013633,0.024133
