,Public four-year,Private four-year,Public two-year,For-profit,Other
  White,0.153086,0.098664,0.606004,0.075001,0.067246
  Black or African American,0.138468,0.081864,0.505486,0.163952,0.11023
  Hispanic or Latino,0.104352,0.061147,0.641966,0.099006,0.093529
  Asian,0.163207,0.068176,0.664859,0.058547,0.045211
