,Public four-year,Private four-year,Public two-year,For-profit,Other
  White,0.323899,0.163498,0.417791,0.059708,0.035104
  Black or African American,0.256212,0.121224,0.411991,0.14655,0.064023
  Hispanic or Latino,0.240811,0.09832,0.523598,0.082662,0.054609
  Asian,0.350389,0.133262,0.444311,0.052142,0.019896
