,Public four-year,Private nonprofit four-year,Public two-year,For-profit,Other or non-degree-granting
"Less than $27,900 (25%)",0.321105,0.11591,0.464825,0.053,0.04516
"$27,900 - $62,999 (25%)",0.382694,0.139922,0.416209,0.031548,0.029627
"$63,000 - $113,499 (25%)",0.421351,0.166043,0.374143,0.017004,0.021458
"$113,500 or more (25%)",0.487109,0.263251,0.228667,0.010009,0.010964
