,Public four-year,Private four-year,Public two-year,For-profit,Other
"  Less than $27,900",0.58643,0.39744,0.66974,0.25026,0.32107
"  $27,900-62,999",0.62495,0.48313,0.64678,0.18725,0.29379
"  $63,000-113,499",0.69275,0.50487,0.71573,0.12017,0.26772
"  $113,500 or more",0.65591,0.54091,0.62666,0.0824,0.11837
