,Tuition and fees left over,Grant aid
For-profit,11484.28213,3758.657868
Private nonprofit bachelor's,12530.30126,15699.89874
Private nonprofit master's,16338.03766,11400.94234
Private nonprofit research,21691.51917,15893.24083
Private nonprofit special focus or two-y,8563.102751,7206.587249
Public associate,1893.061252,2398.584748
Public bachelor's,3921.535627,3817.273373
Public master's,3531.949215,4432.381785
Public research,4311.061751,5508.683249
