,Tuition and fees left over,Grant aid
For-profit,0.676752573,0.323247427
Private nonprofit bachelor's,0.345336901,0.654663099
Private nonprofit master's,0.463275182,0.536724818
Private nonprofit research,0.376519665,0.623480335
Private nonprofit special focus or two-year,0.571015456,0.428984544
Public associate,0,1
Public bachelor's,0.133601794,0.866398206
Public master's,0.162241784,0.837758216
Public research,0.118685261,0.881314739
Public Special Focus,0.160845914,0.839154086
