,With debt,Borrowed in 2015-16
All Undergraduates,0.564751,0.39633
Dependent,0.528709,0.442158
Independent,0.601548,0.349543
