,Noncompleters,Completers
All,0.343058637,0.598696751
For-Profit,0.196211621,0.362442464
Private Nonprofit Four-Year,0.481806248,0.766857028
Public Four-Year,0.473278761,0.741479039
Public Two-Year,0.324525863,0.611780941
