,Noncompleters,Completers
All,0.412916657,0.667057081
For-profit,0.256536454,0.426864117
Private nonprofit four-year,0.543652475,0.798684657
Public four-year,0.542197227,0.790984333
Public two-year,0.386126608,0.67737788
