Debt,10-year fixed ,REPAYE (family size = 1),REPAYE (family size = 3)
"$10,000 ",265.78,56.58333333,0
"$30,000 ",318.93,56.58333333,0
"$50,000 ",531.55,56.58333333,0
